﻿{
   "CodeGenerationMode": 4,
   "ContextClassName": "jobPortalNewContext",
   "ContextNamespace": null,
   "FilterSchemas": false,
   "IncludeConnectionString": true,
   "ModelNamespace": null,
   "OutputContextPath": null,
   "OutputPath": "Models",
   "PreserveCasingWithRegex": true,
   "ProjectRootNamespace": "JobServicePortal",
   "Schemas": null,
   "SelectedHandlebarsLanguage": 2,
   "SelectedToBeGenerated": 0,
   "T4TemplatePath": null,
   "Tables": [
      {
         "Name": "[dbo].[admin]",
         "ObjectType": 0
      },
      {
         "Name": "[dbo].[applicant_registration]",
         "ObjectType": 0
      },
      {
         "Name": "[dbo].[Applications]",
         "ObjectType": 0
      },
      {
         "Name": "[dbo].[Companies]",
         "ObjectType": 0
      },
      {
         "Name": "[dbo].[company_registration]",
         "ObjectType": 0
      },
      {
         "Name": "[dbo].[EducationalQualifications]",
         "ObjectType": 0
      },
      {
         "Name": "[dbo].[job_applicants]",
         "ObjectType": 0
      },
      {
         "Name": "[dbo].[JobApplications]",
         "ObjectType": 0
      },
      {
         "Name": "[dbo].[JobPosts]",
         "ObjectType": 0
      },
      {
         "Name": "[dbo].[JobSkills]",
         "ObjectType": 0
      },
      {
         "Name": "[dbo].[notifications]",
         "ObjectType": 0
      },
      {
         "Name": "[dbo].[password_resets]",
         "ObjectType": 0
      },
      {
         "Name": "[dbo].[ProfessionalDetails]",
         "ObjectType": 0
      },
      {
         "Name": "[dbo].[saved_jobs]",
         "ObjectType": 0
      },
      {
         "Name": "[dbo].[Skills]",
         "ObjectType": 0
      }
   ],
   "UiHint": null,
   "UncountableWords": null,
   "UseAsyncStoredProcedureCalls": true,
   "UseBoolPropertiesWithoutDefaultSql": false,
   "UseDatabaseNames": false,
   "UseDateOnlyTimeOnly": true,
   "UseDbContextSplitting": false,
   "UseDecimalDataAnnotationForSprocResult": true,
   "UseFluentApiOnly": true,
   "UseHandleBars": false,
   "UseHierarchyId": false,
   "UseInflector": true,
   "UseLegacyPluralizer": false,
   "UseManyToManyEntity": false,
   "UseNoDefaultConstructor": false,
   "UseNoNavigations": false,
   "UseNoObjectFilter": false,
   "UseNodaTime": false,
   "UseNullableReferences": false,
   "UsePrefixNavigationNaming": false,
   "UseSchemaFolders": false,
   "UseSchemaNamespaces": false,
   "UseSpatial": false,
   "UseT4": false
}